class,UTR5,UTR3,cds,Stop_codons,Start_codons,TSS,TSS_A,exon_stop,alternative_exon,constitutive_exon,internal_exon,long_exon,last_exon,last_exon_400bp,last_exon_sc400,intron,pos_UTR5,pos_UTR3,pos_cds,pos_exons,dist_sj_5_p2000,dist_sj_3_p2000,length_UTR3,length_UTR5,length_cds,length_gene_ex,length_gene_full,length_tx_exon,length_tx_full,AAACA,GAACA,AGACA,GGACA,AAACT,GAACT,AGACT,GGACT,AAACC,GAACC,AGACC,GGACC,clust_DRACH_f1000,clust_DRACH_f100,dist_DRACH_p2000,dist_DRACH_p200,PC_1bp,PC_101bp,FC_1bp,FC_101bp,struct_hybridize,struct_loop,HNRNPC_eCLIP,sncRNA,lncRNA,isoform_num,exon_num,HK_genes,GC_cont_genes,GC_cont_101bp
1,0,1,0,1,0,0,0,1,0,1,0,1,1,1,1,0,0,0.106329114,0,0.314563107,2000,160,395,0,0,1937,21117,799.5,21117,0,0,0,1,0,0,0,0,0,0,0,0,30,5,3,3,0.6,0.158415842,0.3,0.323168317,0,0,0,0,0,2,13,0,0.532782654,0.544554455
1,0,1,0,0,0,0,0,1,0,1,0,1,1,1,1,0,0,0.503797468,0,0.619417476,2000,317,395,0,0,1937,21117,799.5,21117,0,0,0,0,0,0,0,1,0,0,0,0,25,6,1,1,0,0.031683168,0.3,0.3,0,0,0,0,0,2,13,0,0.532782654,0.584158416
1,0,1,0,0,0,0,0,1,0,1,0,1,1,0,0,0,0,0.695337621,0,0.715465465,2000,1904,2488,0,0,3393,12011,949.5,12011,0,0,0,0,0,0,0,1,0,0,0,0,33,1,46,46,0,0.006930693,0.32,0.32,0,0,0,0,0,2,5,1,0.527009783,0.445544554
1,0,1,0,0,0,0,0,1,0,1,0,1,1,0,0,0,0,0.676446945,0,0.697822823,2000,1857,2488,0,0,3393,12011,949.5,12011,0,0,0,0,0,0,0,0,0,0,0,0,36,3,46,46,0,0,0.32,0.32,0,0,0,0,0,2,5,1,0.527009783,0.495049505
1,0,1,0,0,0,0,0,1,1,0,0,1,1,1,0,0,0,0.043106285,0,0.028724115,2000,84,3039,0,0,4462,90797,2414.8,50105.4,0,0,0,0,0,0,1,0,0,0,0,0,44,6,14,14,0.2,0.184158416,0.3,0.302574257,0,0,0,0,0,4.5,12,1,0.419354839,0.376237624
1,0,0,1,1,0,0,0,1,0,1,0,1,1,1,1,0,0,0,0.989583333,0.084008843,2000,112,0,0,2784,4374,72013,2382.5,65856.25,0,0,0,0,0,1,0,0,0,0,0,0,35,5,12,12,1,0.818811881,0.71,0.612574257,0,0,0,0,0,5,15,0,0.429233361,0.514851485
1,0,0,0,0,0,0,0,0,0,0,0,0,0,0,0,0,0,0,0,0,2000,2000,0,0,0,4884,24290,76,24290,1,0,0,0,0,0,0,0,0,0,0,0,28,3,9,9,0,0.594059406,0.72,0.640990099,0,0,0,0,0,2,0,1,0.455978706,0.514851485
1,0,0,0,0,0,0,0,0,0,0,0,0,0,0,0,0,0,0,0,0,2000,2000,0,0,0,4884,24290,76,24290,0,0,0,0,0,0,0,0,0,0,0,0,26,7,6,6,1,0.35049505,0.3,0.3,0,0,0,0,0,2,0,1,0.455978706,0.485148515
1,0,1,0,0,0,0,0,1,0,1,0,1,1,1,0,0,0,0.053846154,0,0.04787844,2000,165,3510,0,0,4732,47269,43,47269,0,0,1,0,0,0,0,0,0,0,0,0,40,6,16,16,1,0.78019802,0.32,0.32,0,0,0,0,0,1,9,0,0.382079459,0.336633663
1,0,1,0,0,0,0,0,1,0,1,0,1,1,1,0,0,0,0.058689459,0,0.052752294,2000,182,3510,0,0,4732,47269,43,47269,0,0,0,0,0,1,0,0,0,0,0,0,40,6,16,16,0.4,0.698019802,0.32,0.32,0,0,0,0,0,1,9,0,0.382079459,0.336633663
1,0,1,0,0,0,0,0,1,0,1,0,1,1,0,0,0,0,0.241595442,0,0.236811927,2000,824,3510,0,0,4732,47269,43,47269,0,0,0,0,0,0,0,0,0,0,0,0,40,5,4,4,0,0.566336634,0.3,0.3,0,1,0,0,0,1,9,0,0.382079459,0.366336634
1,0,1,0,0,0,0,0,1,0,1,0,1,1,0,0,0,0,0.272022551,0,0.38676165,2000,1301,2838,0,0,4217,12871,1062,12871,0,0,0,0,0,1,0,0,0,0,0,0,34,4,6,6,1,1,0.28,0.28,0,0,0,0,0,2,6,1,0.407872895,0.485148515
1,0,0,1,0,0,0,0,1,0,1,0,1,0,0,0,0,0,0,0.536468984,0.56245757,1288,2000,0,0,2934,3431,7359,77.33333333,6027.666667,0,0,0,0,0,0,1,0,0,0,0,0,41,7,13,13,1,0.899009901,0.63,0.63,0,0,0,0,0,2,3,1,0.5406587,0.574257426
1,0,0,1,0,0,0,0,1,0,1,0,1,0,0,0,0,0,0,0.748807089,0.773930754,665,2000,0,0,2934,3431,7359,77.33333333,6027.666667,0,0,0,1,0,0,0,0,0,0,0,0,42,6,32,32,0,0.748514851,0.63,0.63,0,0,0,0,0,2,3,1,0.5406587,0.504950495
1,0,0,1,0,0,0,0,1,0,1,0,1,0,0,0,0,0,0,0.898432175,0.922946368,226,2000,0,0,2934,3431,7359,77.33333333,6027.666667,0,0,1,0,0,0,0,0,0,0,0,0,42,5,30,30,1,0.820792079,0.63,0.63,0,0,0,0,0,2,3,1,0.5406587,0.514851485
1,0,0,1,0,0,0,0,1,0,1,1,1,0,0,0,0,0,0,0.143884892,0.609336609,158,246,0,0,1251,3839,45476,87,39147.25,0,0,0,0,0,0,0,0,0,0,0,0,40,3,18,18,1,0.956435644,0.72,0.72,0,0,0,0,0,4,10,0,0.373691397,0.485148515
1,0,0,1,0,0,0,0,1,0,1,0,1,1,0,0,0,0,0,0.478060046,0.263443781,2000,483,0,0,1299,5257,12010,77.33333333,10400.33333,0,1,0,0,0,0,0,0,0,0,0,0,40,4,24,24,0,0.699009901,0.71,0.71,0,0,0,0,0,3,3,0,0.400066622,0.386138614
1,0,1,0,1,0,0,0,1,0,1,0,1,1,0,0,0,0,0.042772861,0,0.647474199,2000,1190,678,0,0,5257,12010,77.33333333,10400.33333,0,0,0,0,0,1,0,0,0,0,0,0,36,6,7,7,0,0.177227723,0.3,0.377128713,0,0,0,0,0,3,3,0,0.400066622,0.386138614
1,0,1,0,0,0,0,0,1,0,1,0,1,1,0,0,0,0,0.157817109,0,0.689842477,2000,1268,678,0,0,5257,12010,77.33333333,10400.33333,0,0,0,0,1,0,0,0,0,0,0,0,34,5,9,9,0.2,0.395049505,0.3,0.3,0,0,0,0,0,3,3,0,0.400066622,0.405940594
0,0,0,0,0,0,0,0,0,0,0,0,0,0,0,0,1,0,0,0,0,2000,684,0,0,0,3457,194717,0,99835,0,0,0,0,0,0,1,0,0,0,0,0,32,4,7,7,0,0.020792079,0.11,0.131782178,0,0,0,0,0,6,0,0,0.5,0.356435644
0,0,1,0,0,0,0,0,1,0,1,0,1,1,0,0,0,0,0.470068695,0,0.481268012,2000,1501,3057,0,0,4975,99851,0,91775,0,0,0,1,0,0,0,0,0,0,0,0,26,1,101,101,1,1,0.32,0.32,0,0,0,0,0,4,13,0,0.376771654,0.277227723
0,0,0,1,0,0,0,0,1,0,1,0,1,1,0,0,0,0,0,0.670072371,0.523974983,2000,1506,0,0,2349,7825,36484,362,36484,0,0,1,0,0,0,0,0,0,0,0,0,48,4,4,4,1,0.968316832,0.65,0.65,0,0,0,0,0,7,11,0,0.387750267,0.297029703
0,0,1,0,0,0,0,0,1,0,1,0,1,1,0,0,0,0,0.391801716,0,0.394112061,2000,828,2098,0,0,6049,16389,0,12628.5,0,0,0,0,0,0,0,0,1,0,0,0,42,4,93,93,1,0.547524752,0.38,0.38,0,0,0,0,0,2,22,0,0.488131273,0.514851485
0,0,0,0,0,0,0,0,1,0,0,0,0,0,0,0,1,0,0,0,0,2000,853,0,0,0,8348,65946,0,37334.33333,0,0,0,1,0,0,0,0,0,0,0,0,34,6,27,27,0,0,0.06,0.06,0,0,0,0,0,3,0,0,0.638349248,0.554455446
0,0,1,0,0,0,0,0,1,0,1,0,1,1,0,0,0,0,0.603918228,0,0.736095346,2000,1295,1174,0,0,2121,8655,0,8655,0,1,0,0,0,0,0,0,0,0,0,0,32,5,12,12,0,0,0.26,0.429753189,0,0,0,0,0,2,3,0,0.586175943,0.514851485
0,0,0,1,0,0,0,0,1,0,1,1,0,0,0,0,0,0,0,0.660079051,0.644067797,41,74,0,0,3036,3224,20270,0,20270,0,0,0,0,0,0,0,0,1,0,0,0,40,6,12,12,0,0.451485149,0.71,0.674356436,0,0,0,0,0,2,24,0,0.610472155,0.584158416
0,0,1,0,0,0,0,0,1,1,0,0,1,1,0,0,0,0,0.389152542,0,0.392242833,2000,1161,2950,0,0,4639,280942,0,242356.75,0,0,0,0,0,0,0,0,0,0,1,0,41,6,6,6,0,0.223762376,0.08,0.09029703,0,0,0,0,0,5,4,0,0.411317418,0.376237624
0,0,0,0,0,0,0,0,0,0,1,0,1,1,1,0,0,0,0,0,0.198986975,2000,273,0,0,0,3125,14229,2037.071429,11693.85714,0,1,0,0,0,0,0,0,0,0,0,0,46,6,30,30,0,0,0.09,0.096237624,0,1,0,0,0,17,7,0,0.508224378,0.495049505
0,0,0,1,0,0,0,0,1,0,1,1,0,0,0,0,0,0,0,0.668918919,0.04,71,1,0,0,1332,2833,70941,4270,60583.33333,0,0,0,0,1,0,0,0,0,0,0,0,38,5,10,10,0.1,0.445544554,0.52,0.334455446,0,0,0,0,0,4,12,0,0.433395291,0.475247525
0,0,0,1,0,0,0,0,1,0,1,1,1,0,0,0,0,0,0,0.157545605,0.314685315,489,223,0,0,1206,2465,13083,0,12814.5,0,0,0,0,1,0,0,0,0,0,0,0,44,7,19,19,0.4,0.452475248,0.72,0.72,0,0,0,0,0,2,5,0,0.418255578,0.425742574
0,0,1,0,0,0,0,0,1,0,1,0,1,1,0,0,0,0,0.825846579,0,0.820895522,2000,1153,1447,0,0,2631,16716,0,16716,0,1,0,0,0,0,0,0,0,0,0,0,34,6,18,18,0,0.022772277,0.05,0.05,0,0,0,0,0,1,6,0,0.461421513,0.297029703
0,0,0,0,0,0,0,0,0,0,1,0,1,1,0,0,0,0,0,0,0.953015428,2000,1357,0,0,0,1902,12642,0,12642,0,0,0,0,0,0,0,0,0,0,1,0,21,3,21,21,0,0.101980198,0.1,0.096831683,0,0,0,0,1,3,4,1,0.431034483,0.425742574
0,0,1,0,0,0,0,0,1,0,1,0,1,1,0,0,0,0,0.680791401,0,0.687700046,2000,2000,6419,0,0,10665,155036,0,121893.8,0,0,0,0,0,0,1,0,0,0,0,0,37,3,85,85,0,0.007920792,0.11,0.104851485,0,1,0,0,0,5,7,0,0.42841359,0.475247525
0,0,0,1,0,0,0,0,1,0,1,1,0,0,0,0,0,0,0,0.464635064,0.320512821,52,23,0,0,2658,4404,217375,3871.6,217375,0,1,0,0,0,0,0,0,0,0,0,0,36,4,57,57,1,0.618811881,0.55,0.417128713,0,0,0,0,0,5,22,0,0.4582198,0.405940594
0,0,1,0,0,0,0,0,1,0,1,0,1,1,0,0,0,0,0.618087183,0,0.637877853,2000,1032,1537,0,0,3452,21166,0,18576.85714,0,0,0,0,0,1,0,0,0,0,0,0,38,4,25,25,0,0,0.3,0.3,0,0,0,0,0,7,11,1,0.415329768,0.455445545
0,0,0,1,0,0,0,0,1,0,1,1,0,0,0,0,0,0,0,0.66719326,0.015873016,61,812,0,0,1899,4881,89621,0,89621,0,0,1,0,0,0,0,0,0,0,0,0,39,4,8,8,1,0.625742574,0.71,0.426435644,0,0,0,0,0,3,17,0,0.382770338,0.336633663
0,0,0,1,0,0,0,0,1,0,1,1,0,0,0,0,0,0,0,0.394019349,0.642201835,38,68,0,0,1137,1671,12463,0,12463,0,0,0,0,0,0,0,0,0,0,1,0,31,4,4,4,1,0.804950495,0.71,0.665346535,0,0,0,0,0,1,8,1,0.605625374,0.524752475
